{"cameraMode":{"drawMode":0,"name":"Shaded","section":"Shading Mode"},"sceneLighting":false,"audioPlay":false,"sceneViewState":{"m_AlwaysRefresh":false,"showFog":true,"showSkybox":false,"showFlares":true,"showImageEffects":true,"showParticleSystems":true,"showVisualEffectGraphs":true,"m_FxEnabled":true},"in2DMode":false,"pivot":{"x":0.37809795141220095,"y":-0.05976581573486328,"z":2.0778751373291017},"rotation":{"x":-0.20677602291107179,"y":-0.0697941854596138,"z":0.014791836962103844,"w":-0.9758217930793762},"size":2.0890889167785646,"orthographic":false}