{"cameraMode":{"drawMode":0,"name":"Shaded","section":"Shading Mode"},"sceneLighting":false,"audioPlay":false,"sceneViewState":{"m_AlwaysRefresh":false,"showFog":true,"showSkybox":false,"showFlares":true,"showImageEffects":true,"showParticleSystems":true,"showVisualEffectGraphs":true,"m_FxEnabled":true},"in2DMode":false,"pivot":{"x":-0.026999950408935548,"y":-0.05949997901916504,"z":0.04250001907348633},"rotation":{"x":0.07368617504835129,"y":0.0391671359539032,"z":-0.00302738300524652,"w":0.9965817332267761},"size":7.8965163230896,"orthographic":false}